"","",""
"jobkey","",""
"b696aa060448d72c","",""
"98b0af22dadca4ae","",""
"32994f5e29c44d37","",""
"007c39108be13f91","",""
"83b5e4043c2240da","",""
"9d090760b621f9be","",""
"69efd87a19800dd1","",""
"fd2ec0ae7502f983","",""
"456744c44adc78be","",""
"b64609b04e0d6e0f","",""
"07ba6bcec36de7f0","",""
"cead2937ad346e27","",""
"517ca4ea9d205f49","",""
"4f4f5b2fbd228f86","",""
"df8a45963bf641a3","",""
"049bc8b3c46e6db5","",""
"a346b0b32beea3a9","",""
"fe48610148eb7503","",""
"16a2ad9affdf9378","",""
"fb725f0511d48dda","",""
"643e7fd96802d809","",""
"dbc203c558c725eb","",""
"783637eb920b9293","",""
"f8448cc30f27a9ba","",""
"ea54c6b94cb4b276","",""
"ebdb68145a691d51","",""
"0cba6f8709d952a4","",""
"72b9ab115461c403","",""
"7121b473d7d2b309","",""
"16292b543577dda8","",""
"5279d0e0d50f47ec","",""
"71605d576f823d09","",""
"99cbd0162d396884","",""
"7c29dac3e1c62429","",""
"89cc4c36d6a39bc1","",""
"8d92ffb056744479","",""
"e47f4e54fff019b7","",""
"7c29b7e4659a427b","",""
"766cd41bf79d580d","",""
"23eadc477a9230a3","",""
"ecbe65a7665b0183","",""
"052eb70f51e5f195","",""
"c41b9ca0a80f0bd1","",""
"caecb7fef50dae19","",""
"340647bb872dcb6e","",""
"c4636c82dfdf3b82","",""
"1910b97faf79e20a","",""
"2a0fae243ca3db11","",""
"14df47dd6303a6c7","",""
"e9ef602d2a416922","",""
"6576d8cc14fba8d0","",""
"3797a2331dea0e10","",""
"f7ab5c6640643ef0","",""
"c6c8a6da1521df2d","",""
"7af464b1bdc1bb5f","",""
"9de2477486cd7312","",""
"791a3ea8f4b229f1","",""
"d5e7e76990415566","",""
"cf369fe1430b9248","",""
"861f4d6996fee366","",""
"adb7b507e032e95d","",""
"24a168b32decdec5","",""
"d3d7398e2f9d41e6","",""
"48c4370c307c5e79","",""
"2e40fd498bad7d53","",""
"528e997c82ccc975","",""
"626838f27273468c","",""
"595b1bf6146d53ad","",""
"4c540d6a0c17a684","",""
"558c3d81ed11797c","",""
"792ee30a864b1582","",""
"4880ad516f38a500","",""
"05344160aaab02fb","",""
"224961081ac9ab35","",""
"0c551f3daa215578","",""
"4170272802509075","",""
"580d78c1cb747965","",""
"29f0b4df225d1528","",""
"ccc684f123a31b94","",""
"5279d0e0d50f47ec","",""
"99cbd0162d396884","",""
"8d92ffb056744479","",""
"e47f4e54fff019b7","",""
"7c29b7e4659a427b","",""
"23eadc477a9230a3","",""
"ecbe65a7665b0183","",""
"c41b9ca0a80f0bd1","",""
"340647bb872dcb6e","",""
"a883c2d1d46582cc","",""
"049bc8b3c46e6db5","",""
"99ea297912de089c","",""
"d4852c6146a94df5","",""
"1a802a5047593af8","",""
"a28f674c74eaa045","",""
"3e49a0f97b3aeb7d","",""
"891f73e16b6d13ec","",""
"d4e9c4b0dcd78dc8","",""
"60a7e34005547435","",""
"0aa751d6d3bdbac3","",""
"7873bc38e58de5c8","",""
"a4efddc9c095717d","",""
"f254477252adfcff","",""
"65e6db6f6b6015ab","",""
"15257fa60dde2a2a","",""
"ea141325a91749b2","",""
"65e6db6f6b6015ab","",""
"15257fa60dde2a2a","",""
"15b313d3138d4413","",""
"2bfc335a03f62545","",""
"d3b33480312b127c","",""
"84e4bba4ccd7724b","",""
"79ff9ac78af96b49","",""
"a9cc6e8b6685aa40","",""
"adb7b507e032e95d","",""
"24a168b32decdec5","",""
"d3d7398e2f9d41e6","",""
"48c4370c307c5e79","",""
"ee77e7ae046bf6f4","",""
"2e40fd498bad7d53","",""
"528e997c82ccc975","",""
"6e4b1f1dc54f9dea","",""
"5c2d8ecb5fe83caa","",""
"21b13b5c443ad869","",""
"eea6858d47cf2239","",""
"5600d0ef6e3d44eb","",""
"aaf907d40b589784","",""
"4cce3ff52ee072f0","",""
"fd859780b374f176","",""
"0db2a0a2d2fdffa4","",""
"fef1394c1957e22c","",""
"0fb1b738801a03fe","",""
"53c8fdae0977ead8","",""
"6616c2a55170969a","",""
"2983e6224fdb61d3","",""
"e31498d657c9714e","",""
"21b13b5c443ad869","",""
"5600d0ef6e3d44eb","",""
"aaf907d40b589784","",""
"fd859780b374f176","",""
"0723585fdd3efcbe","",""
"fef1394c1957e22c","",""
"95e547158e403c50","",""
"0fb1b738801a03fe","",""
"2983e6224fdb61d3","",""
"e31498d657c9714e","",""
"09cf8befcf1c0245","",""
"5f4211db75017abf","",""
"d4e3c742e35cd705","",""
"e71b25f8817ca56a","",""
"8b87d8d073472ea0","",""
"df8a45963bf641a3","",""
"5a0fcebc748ef000","",""
"d87d77433eee4d3b","",""
"3a4e6370d2002920","",""
"ef7a05ffc2e10078","",""
"c82987bedc73decf","",""
"979f0293b2158478","",""
"5dbb4c57d7813087","",""
"e0e3e9665a4bedfc","",""
"4ea8d71085060d20","",""
"4dcd6e23c28423d2","",""
"52b0040b12732977","",""
"d5aa0e91bc1dd2ad","",""
"43d9a4c20d8ce6cf","",""
"cdc09babf2933518","",""
"7f67c61aeeb5f9db","",""
"093de4ff896e0598","",""
"0274ceba27e3ed7f","",""
"c65f7d1e208668cd","",""
"500410963302a4a2","",""
"72bc98b42eda8506","",""
"176ff3c774607c2c","",""
"2b009ba3366084fb","",""
"8653432401b0e69c","",""
"8b6eaae16f6d5438","",""
"5670fc445f5a6b97","",""
"54f0b1e7e7d30e9f","",""
"421c6252aa1f45c7","",""
"8c5c4b7e97949940","",""
"22488cb3c0c48851","",""
"421c6252aa1f45c7","",""
"8c5c4b7e97949940","",""
"22488cb3c0c48851","",""
"fafd87e6eae05cf6","",""
"14d10fb3c330cee7","",""
"f4c747bceddaff27","",""
"b15335934c93311d","",""
"50a18980043d6504","",""
"19323f11d8dbd2a2","",""
"16aa4c143968650d","",""
"cd05c55e61728ce2","",""
"3a479bf198c1c364","",""
"5fb33ec3c26723d2","",""
"c865e25da76589a8","",""
"8279541191e60d7f","",""
"14d10fb3c330cee7","",""
"111feff6243b47f6","",""
"f4c747bceddaff27","",""
"b15335934c93311d","",""
"50a18980043d6504","",""
"19323f11d8dbd2a2","",""
"16aa4c143968650d","",""
"cd05c55e61728ce2","",""
"3a479bf198c1c364","",""
"5fb33ec3c26723d2","",""
"dbaeecac00478499","",""
"c865e25da76589a8","",""
"3ca33aa3e8b26adb","",""
"02c83a8772a2bc69","",""
"400ac9fc637d39b4","",""
"f4c747bceddaff27","",""
"b15335934c93311d","",""
"50a18980043d6504","",""
"19323f11d8dbd2a2","",""
"16aa4c143968650d","",""
"cd05c55e61728ce2","",""
"3a479bf198c1c364","",""
"5fb33ec3c26723d2","",""
"dbaeecac00478499","",""
"02c83a8772a2bc69","",""
"8279541191e60d7f","",""
"3ca33aa3e8b26adb","",""
"a60960e2fbf6eec2","",""