Rank,Word,Frequency
1,experience,841
2,data,531
3,work,505
4,skills,331
5,team,299
6,systems,291
7,â€™,276
8,position,253
9,software,249
10,benefits,243
11,information,239
12,ability,238
13,us,236
14,including,232
15,company,214
16,years,214
17,business,211
18,required,210
19,paid,204
20,support,200
21,engineering,197
22,related,194
23,development,186
24,role,185
25,management,180
26,job,177
27,employees,177
28,range,177
29,process,175
30,qualifications,174
31,design,173
32,security,171
33,opportunity,165
34,employee,164
35,environment,164
36,may,163
37,disability,163
38,time,161
39,python,160
40,status,158
41,strong,157
42,requirements,155
43,teams,151
44,technical,147
45,working,147
46,knowledge,147
47,year,147
48,test,145
49,research,143
50,new,143
